{
  "modalId": "navigation-framework",
  "brandTitle": "",
  "userIdentity": {
    "name": "Jean Pâté",
    "title": "Domain Champion",
    "photoUrl": "/assets/components/user-identity/images/jean-pate.jpg"
  },
  "frameworkSubNav": {
    "notifications": [
      {
        "title": "Notification placeholder to hold the place of notifications.",
        "timestamp": "2 hours ago",
        "badge": "primary"
      },
      {
        "title": "Notification placeholder to hold the place of notifications.",
        "timestamp": "Yesterday 10:15",
        "badge": "primary"
      },
      {
        "title": "Notification placeholder to hold the place of notifications.",
        "timestamp": "22.07.16 16:45",
        "badge": "primary"
      },
      {
        "title": "Notification placeholder to hold the place of notifications.",
        "timestamp": "22.07.16 12:10"
      },
      {
        "title": "Notification placeholder to hold the place of notifications.",
        "timestamp": "22.07.16 9:30"
      }
    ],
    "notificationCallToActionLabel": "View All",
    "userCallToActionLabel": "Log Out",
    "colorToggle": {
      "label": "View Mode",
      "id": "navigation-framework-color-mode"
    }
  },
  "sideNav": [
    {
      "text": "Dashboard",
      "href": "#",
      "icon": "dashboard",
      "selected": true
    },
    {
      "text": "Tools",
      "href": "#",
      "icon": "tools"
    },
    {
      "text": "Preview",
      "href": "#",
      "icon": "preview"
    },
    {
      "text": "Well",
      "href": "#",
      "icon": "well"
    },
    {
      "text": "Data",
      "href": "#",
      "icon": "data"
    }
  ],
  "title": "",
  "subNav": {
    "tabItems": {
      "name": "sub-nav",
      "tabs": [
        {
          "label": "Sub Nav Item",
          "contentId": "sub-nav-item-1"
        },
        {
          "label": "Sub Nav Item",
          "contentId": "sub-nav-item-2",
          "active": true
        },
        {
          "label": "Sub Nav Item",
          "contentId": "sub-nav-item-3"
        },
        {
          "label": "Sub Nav Item",
          "contentId": "sub-nav-item-4"
        }
      ]
    }
  }
}
